{
    "components": ["Fe", "Nb", "Ni"],
    "phases": ["BCC", "C14", "DELTA", "FCC", "MU"],
    "broadcast_conditions": false,
    "conditions": {
        "T": [1373, 1373, 1373, 1373, 1373, 1373, 1373, 1373, 1373, 1373, 1373, 1373, 1373, 1373, 1373, 1373, 1373, 1373, 1373, 1373, 1373, 1373, 1373, 1373, 1373, 1373, 1373, 1373, 1373, 1373, 1373, 1373, 1373, 1373, 1373, 1373, 1373, 1373, 1373, 1373, 1373],
        "P": [101325]
    },
    "output": "ZPF",
    "values": [
        [
            ["C14", ["Fe", "Nb"],
                [62.242339, 32.5725176]
            ],
            ["MU", ["Fe", "Nb"],
                [45.40485787, 47.4751978]
            ]
        ],
        [
            ["MU", ["Fe", "Nb"],
                [43.30017273, 49.20743101]
            ],
            ["BCC", ["Fe", "Nb"],
                [2.737150021, 96.3013088]
            ]
        ],
        [
            ["BCC", ["Fe", "Nb"],
                [2.400739654, 96.38311496]
            ],
            ["MU", ["Fe", "Nb"],
                [41.83502894, 48.67258826]
            ]
        ],
        [
            ["MU", ["Fe", "Nb"],
                [43.33728758, 47.01309168]
            ],
            ["C14", ["Fe", "Nb"],
                [60.04991495, 33.32224489]
            ]
        ],
        [
            ["BCC", ["Fe", "Nb"],
                [2.778900087, 96.93372352]
            ],
            ["MU", ["Fe", "Nb"],
                [39.31811288, 49.48041597]
            ]
        ],
        [
            ["BCC", ["Fe", "Nb"],
                [3.215544404, 96.12393866]
            ],
            ["MU", ["Fe", "Nb"],
                [33.68924976, 48.67501503]
            ]
        ],
        [
            ["MU", ["Fe", "Nb"],
                [41.22010798, 46.85005643]
            ],
            ["C14", ["Fe", "Nb"],
                [58.38345927, 32.4531608]
            ]
        ],
        [
            ["BCC", ["Fe", "Nb"],
                [3.115510599, 96.44008112]
            ],
            ["MU", ["Fe", "Nb"],
                [33.93476508, 48.78101077]
            ]
        ],
        [
            ["MU", ["Fe", "Nb"],
                [35.31990012, 49.39464687]
            ],
            ["C14", ["Fe", "Nb"],
                [55.57749997, 33.23556293]
            ]
        ],
        [
            ["BCC", ["Fe", "Nb"],
                [3.154283598, 95.97747057]
            ],
            ["MU", ["Fe", "Nb"],
                [28.46250141, 48.23716416]
            ]
        ],
        [
            ["MU", ["Fe", "Nb"],
                [31.6864782, 47.42800643]
            ],
            ["C14", ["Fe", "Nb"],
                [50.54674243, 33.87461435]
            ]
        ],
        [
            ["MU", ["Fe", "Nb"],
                [29.76424558, 46.79257518]
            ],
            ["C14", ["Fe", "Nb"],
                [48.87350584, 32.76530525]
            ]
        ],
        [
            ["C14", ["Fe", "Nb"],
                [29.52666285, 26.56080249]
            ],
            ["DELTA", ["Fe", "Nb"],
                [5.505217313, 24.57762469]
            ]
        ],
        [
            ["C14", ["Fe", "Nb"],
                [25.69148194, 30.118268]
            ],
            ["DELTA", ["Fe", "Nb"],
                [4.56927285, 26.1050072]
            ]
        ],
        [
            ["MU", ["Fe", "Nb"],
                [4.610669469, 44.97359221]
            ],
            ["DELTA", ["Fe", "Nb"],
                [0.56553852, 26.85985628]
            ]
        ],
        [
            ["DELTA", ["Fe", "Nb"],
                [2.357616197, 22.3929494]
            ],
            ["FCC", ["Fe", "Nb"],
                [16.61085591, 7.655772859]
            ]
        ],
        [
            ["DELTA", ["Fe", "Nb"],
                [3.16321826, 23.51854728]
            ],
            ["FCC", ["Fe", "Nb"],
                [21.4806881, 7.268257685]
            ]
        ],
        [
            ["DELTA", ["Fe", "Nb"],
                [4.760549982, 22.38957695]
            ],
            ["FCC", ["Fe", "Nb"],
                [27.09629871, 6.128845625]
            ]
        ],
        [
            ["DELTA", ["Fe", "Nb"],
                [6.759813019, 21.5791372]
            ],
            ["FCC", ["Fe", "Nb"],
                [33.58251661, 5.487206863]
            ]
        ],
        [
            ["DELTA", ["Fe", "Nb"],
                [8.518591697, 23.13462295]
            ],
            ["FCC", ["Fe", "Nb"],
                [41.07906268, 3.402576335]
            ]
        ],
        [
            ["C14", ["Fe", "Nb"],
                [49.83064454, 26.40475953]
            ],
            ["FCC", ["Fe", "Nb"],
                [63.58018952, 2.547803187]
            ]
        ],
        [
            ["DELTA", ["Fe", "Nb"],
                [2.257120797, 22.18830937]
            ],
            ["FCC", ["Fe", "Nb"],
                [10.60453356, 8.24158781]
            ]
        ],
        [
            ["DELTA", ["Fe", "Nb"],
                [1.047158574, 20.75835761]
            ],
            ["FCC", ["Fe", "Nb"],
                [6.216418436, 9.766634977]
            ]
        ],
        [
            ["DELTA", ["Fe", "Nb"],
                [0.787695947, 21.4049912]
            ],
            ["FCC", ["Fe", "Nb"],
                [4.404584206, 10.93690413]
            ]
        ],
        [
            ["DELTA", ["Fe", "Nb"],
                [1.142045081, 23.00025717]
            ],
            ["FCC", ["Fe", "Nb"],
                [5.058856763, 10.9626412]
            ]
        ],
        [
            ["C14", ["Fe", "Nb"],
                [45.76714278, 26.50533375]
            ],
            ["FCC", ["Fe", "Nb"],
                [57.63048407, 4.352588462]
            ]
        ],
        [
            ["BCC", ["Fe", "Nb"],
                [0.0, 98.147]
            ],
            ["MU", ["Fe", "Nb"],
                [0.0, 55.682]
            ]
        ],
        [
            ["MU", ["Fe", "Nb"],
                [0.0, 46.947]
            ],
            ["DELTA", ["Fe", "Nb"],
                [0.0, 24.998]
            ]
        ],
        [
            ["DELTA", ["Fe", "Nb"],
                [0.0, 22.674]
            ],
            ["FCC", ["Fe", "Nb"],
                [0.0, 11.841]
            ]
        ],
        [
            ["FCC", ["Fe", "Nb"],
                [95.58074753, 1.025573061]
            ],
            ["C14", ["Fe", "Nb"],
                [71.47588854, 26.26357282]
            ]
        ],
        [
            ["C14", ["Fe", "Nb"],
                [74.20095228, 25.62323865]
            ],
            ["FCC", ["Fe", "Nb"],
                [98.77392076, 0.541413259]
            ]
        ],
        [
            ["FCC", ["Fe", "Nb"],
                [99.07474076, 0.735642931]
            ],
            ["C14", ["Fe", "Nb"],
                [73.31451839, 26.68548161]
            ]
        ],
        [
            ["C14", ["Fe", "Nb"],
                [74.78249547, 25.21750453]
            ],
            ["FCC", ["Fe", "Nb"],
                [99.62751357, 0.37248643]
            ]
        ],
        [
            ["C14", ["Fe", "Nb"],
                [67.21277005, 32.06299475]
            ],
            ["MU", ["Fe", "Nb"],
                [54.26099927, 45.46798604]
            ]
        ],
        [
            ["MU", ["Fe", "Nb"],
                [50.53245919, 49.06932699]
            ],
            ["BCC", ["Fe", "Nb"],
                [4.775567408, 95.22443259]
            ]
        ],
        [
            ["BCC", ["Fe", "Nb"],
                [4.792150507, 95.20784949]
            ],
            ["MU", ["Fe", "Nb"],
                [51.2757892, 48.7242108]
