{
    "components": ["Fe", "Nb", "Ni"],
    "phases": ["BCC", "C14", "DELTA", "FCC", "MU", "Nb2Ni"],
    "broadcast_conditions": false,
    "conditions": {
        "T": [1373, 1373, 1373, 1373, 1373, 1373, 1373, 1373, 1373, 1373, 1373, 1373, 1373, 1373, 1373, 1373, 1373, 1373, 1373, 1373, 1373, 1373, 1373, 1373, 1373, 1373, 1373, 1373, 1373, 1373, 1373, 1373, 1373, 1373, 1373, 1373, 1373, 1373, 1373, 1373, 1373, 1373, 1373, 1373, 1373, 1373, 1373, 1373],
        "P": [101325]
    },
    "output": "ZPF",
    "values": [
        [
            ["BCC", ["Fe", "Nb"],
                [0.0365819925383612, 0.961875905990259]
            ],
            ["MU", ["Fe", "Nb"],
                [0.506389162723244, 0.493322057792595]
            ]
        ],
        [
            ["MU", ["Fe", "Nb"],
                [0.515760232579087, 0.483411090609886]
            ],
            ["C14", ["Fe", "Nb"],
                [0.647464810966222, 0.351995441021949]
            ]
        ],
        [
            ["C14", ["Fe", "Nb"],
                [0.723216637439686, 0.275624858394555]
            ],
            ["FCC", ["Fe", "Nb"],
                [0.994046288965523, 0.00595371103447625]
            ]
        ],
        [
            ["BCC", ["Fe", "Nb"],
                [0.0, 0.986407032779393]
            ],
            ["Nb2Ni", ["Fe", "Nb"],
                [0.0, 0.665911015847435]
            ]
        ],
        [
            ["Nb2Ni", ["Fe", "Nb"],
                [0.0, 0.66493150405248]
            ],
            ["MU", ["Fe", "Nb"],
                [0.000425538840438803, 0.532970920302748]
            ]
        ],
        [
            ["MU", ["Fe", "Nb"],
                [0.0, 0.485660593986295]
            ],
            ["DELTA", ["Fe", "Nb"],
                [0.0, 0.253929750219425]
            ]
        ],
        [
            ["DELTA", ["Fe", "Nb"],
                [0.000154356948885389, 0.236820848174297]
            ],
            ["FCC", ["Fe", "Nb"],
                [0.000179162437235452, 0.122102618965628]
            ]
        ],
        [
            ["BCC", ["Fe", "Nb"],
                [0.00856001955194713, 0.975425550212893]
            ],
            ["Nb2Ni", ["Fe", "Nb"],
                [0.0351578320455107, 0.699056442385282]
            ]
        ],
        [
            ["Nb2Ni", ["Fe", "Nb"],
                [0.0662240509430573, 0.628905397465452]
            ],
            ["C14", ["Fe", "Nb"],
                [0.272856897891851, 0.343079896248807]
            ]
        ],
        [
            ["DELTA", ["Fe", "Nb"],
                [0.0343351095227363, 0.236964146699576]
            ],
            ["FCC", ["Fe", "Nb"],
                [0.177970603515334, 0.0787797494963081]
            ]
        ],
        [
            ["MU", ["Fe", "Nb"],
                [0.00594745888581594, 0.510548361454753]
            ],
            ["DELTA", ["Fe", "Nb"],
                [0.00586497881192045, 0.259146268940483]
            ]
        ],
        [
            ["DELTA", ["Fe", "Nb"],
                [0.0285602338027594, 0.237515829581636]
            ],
            ["FCC", ["Fe", "Nb"],
                [0.17306306908614, 0.0805021869718399]
            ]
        ],
        [
            ["DELTA", ["Fe", "Nb"],
                [0.0360159393310309, 0.236581896000859]
            ],
            ["FCC", ["Fe", "Nb"],
                [0.204632187580251, 0.0758903571584262]
            ]
        ],
        [
            ["DELTA", ["Fe", "Nb"],
                [0.0733095431989478, 0.241201939231627]
            ],
            ["FCC", ["Fe", "Nb"],
                [0.329421679832925, 0.0760561150335523]
            ]
        ],
        [
            ["Nb2Ni", ["Fe", "Nb"],
                [0.0528159996626346, 0.64354568107949]
            ],
            ["C14", ["Fe", "Nb"],
                [0.258669695604845, 0.338545741314903]
            ]
        ],
        [
            ["Nb2Ni", ["Fe", "Nb"],
                [0.0556095167991574, 0.641185070831857]
            ],
            ["C14", ["Fe", "Nb"],
                [0.245097843582192, 0.339665866391453]
            ]
        ],
        [
            ["Nb2Ni", ["Fe", "Nb"],
                [0.0462069550310956, 0.653788321945697]
            ],
            ["C14", ["Fe", "Nb"],
                [0.284004626188292, 0.338888807924168]
            ]
        ],
        [
            ["BCC", ["Fe", "Nb"],
                [0.00718397120991359, 0.980507516486635]
            ],
            ["Nb2Ni", ["Fe", "Nb"],
                [0.0367631681164784, 0.679950105907281]
            ]
        ],
        [
            ["Nb2Ni", ["Fe", "Nb"],
                [0.0502110141972029, 0.654578722192688]
            ],
            ["C14", ["Fe", "Nb"],
                [0.291094170199804, 0.338219396618198]
            ]
        ],
        [
            ["DELTA", ["Fe", "Nb"],
                [0.0019881602193274, 0.238738064175245]
            ],
            ["FCC", ["Fe", "Nb"],
                [0.010604096170078, 0.119864338902547]
            ]
        ],
        [
            ["BCC", ["Fe", "Nb"],
                [0.0144863967624263, 0.973435990758387]
            ],
            ["Nb2Ni", ["Fe", "Nb"],
                [0.139756916186999, 0.634911110118125]
            ]
        ],
        [
            ["Nb2Ni", ["Fe", "Nb"],
                [0.0634364364186949, 0.657593861618779]
            ],
            ["C14", ["Fe", "Nb"],
                [0.329310964821288, 0.366667874147315]
            ]
        ],
        [
            ["C14", ["Fe", "Nb"],
                [0.406627889112637, 0.265934499730025]
            ],
            ["FCC", ["Fe", "Nb"],
                [0.522927415048344, 0.0392289374270231]
            ]
        ],
        [
            ["FCC", ["Fe", "Nb"],
                [0.627642631533451, 0.0182680280159528]
            ],
            ["C14", ["Fe", "Nb"],
                [0.483392855243258, 0.268322255834784]
            ]
        ],
        [
            ["BCC", ["Fe", "Nb"],
                [0.0196671008311259, 0.969717271540217]
            ],
            ["MU", ["Fe", "Nb"],
                [0.286823877645458, 0.51684085791704]
            ]
        ],
        [
            ["MU", ["Fe", "Nb"],
                [0.353503417131402, 0.480172290612512]
            ],
            ["C14", ["Fe", "Nb"],
                [0.512452254036248, 0.352146855677892]
            ]
        ],
        [
            ["BCC", ["Fe", "Nb"],
                [0.0256006991337968, 0.963704586451133]
            ],
            ["MU", ["Fe", "Nb"],
                [0.309093528154069, 0.525680035268154]
            ]
        ],
        [
            ["MU", ["Fe", "Nb"],
                [0.375392696707175, 0.484724533963742]
            ],
            ["C14", ["Fe", "Nb"],
                [0.541128294434, 0.350115705914233]
            ]
        ],
        [
            ["BCC", ["Fe", "Nb"],
                [0.0251605691877409, 0.96787138842235]
            ],
            ["MU", ["Fe", "Nb"],
                [0.377054300414327, 0.506819381163515]
            ]
        ],
        [
            ["MU", ["Fe", "Nb"],
                [0.413508322705101, 0.487300870633475]
            ],
            ["C14", ["Fe", "Nb"],
                [0.576035551567782, 0.351446424782713]
            ]
        ],
        [
            ["BCC", ["Fe", "Nb"],
                [0.0517977767949609, 0.940709947063144]
            ],
            ["MU", ["Fe", "Nb"],
                [0.446981207587932, 0.496895100234182]
            ]
        ],
        [
            ["MU", ["Fe", "Nb"],
                [0.460309513519705, 0.488534007437057]
            ],
            ["C14", ["Fe", "Nb"],
