{
    "components": ["Fe", "Nb", "Ni"],
    "phases": ["BCC", "C14", "DELTA", "FCC", "MU"],
    "broadcast_conditions": false,
    "conditions": {
        "T": [1373, 1373, 1373, 1373, 1373, 1373, 1373, 1373, 1373, 1373, 1373, 1373, 1373, 1373, 1373, 1373, 1373, 1373, 1373, 1373, 1373, 1373, 1373, 1373, 1373, 1373],
        "P": [101325]
    },
    "output": "ZPF",
    "values": [
        [
            ["BCC", ["Fe", "Nb"],
                [0.036581992538361245, 0.9618759059902593]
            ],
            ["MU", ["Fe", "Nb"],
                [0.506389162723244, 0.49332205779259547]
            ]
        ],
        [
            ["C14", ["Fe", "Nb"],
                [0.6474648109662224, 0.35199544102194946]
            ],
            ["MU", ["Fe", "Nb"],
                [0.5157602325790875, 0.4834110906098862]
            ]
        ],
        [
            ["FCC", ["Fe", "Nb"],
                [0.9940462889655237, 0.005953711034476256]
            ],
            ["C14", ["Fe", "Nb"],
                [0.7232166374396866, 0.27562485839455514]
            ]
        ],
        [
            ["DELTA", ["Fe", "Nb"],
                [0.0, 0.2539297502194258]
            ],
            ["MU", ["Fe", "Nb"],
                [0.0, 0.4856605939862959]
            ]
        ],
        [
            ["FCC", ["Fe", "Nb"],
                [0.0001791624372354527, 0.12210261896562845]
            ],
            ["DELTA", ["Fe", "Nb"],
                [0.00015435694888538942, 0.2368208481742976]
            ]
        ],
        [
            ["FCC", ["Fe", "Nb"],
                [0.17797060351533475, 0.07877974949630819]
            ],
            ["DELTA", ["Fe", "Nb"],
                [0.03433510952273639, 0.23696414669957616]
            ]
        ],
        [
            ["DELTA", ["Fe", "Nb"],
                [0.005864978811920458, 0.25914626894048354]
            ],
            ["MU", ["Fe", "Nb"],
                [0.005947458885815943, 0.5105483614547535]
            ]
        ],
        [
            ["FCC", ["Fe", "Nb"],
                [0.17306306908614072, 0.08050218697183999]
            ],
            ["DELTA", ["Fe", "Nb"],
                [0.028560233802759457, 0.2375158295816363]
            ]
        ],
        [
            ["FCC", ["Fe", "Nb"],
                [0.2046321875802515, 0.07589035715842621]
            ],
            ["DELTA", ["Fe", "Nb"],
                [0.03601593933103099, 0.23658189600085908]
            ]
        ],
        [
            ["FCC", ["Fe", "Nb"],
                [0.32942167983292514, 0.07605611503355234]
            ],
            ["DELTA", ["Fe", "Nb"],
                [0.0733095431989478, 0.24120193923162764]
            ]
        ],
        [
            ["FCC", ["Fe", "Nb"],
                [0.010604096170078086, 0.1198643389025479]
            ],
            ["DELTA", ["Fe", "Nb"],
                [0.0019881602193274088, 0.23873806417524507]
            ]
        ],
        [
            ["FCC", ["Fe", "Nb"],
                [0.5229274150483447, 0.039228937427023144]
            ],
            ["C14", ["Fe", "Nb"],
                [0.4066278891126377, 0.26593449973002564]
            ]
        ],
        [
            ["FCC", ["Fe", "Nb"],
                [0.6276426315334511, 0.018268028015952825]
            ],
            ["C14", ["Fe", "Nb"],
                [0.48339285524325837, 0.26832225583478436]
            ]
        ],
        [
            ["BCC", ["Fe", "Nb"],
                [0.019667100831125998, 0.9697172715402177]
            ],
            ["MU", ["Fe", "Nb"],
                [0.28682387764545814, 0.5168408579170403]
            ]
        ],
        [
            ["C14", ["Fe", "Nb"],
                [0.5124522540362485, 0.3521468556778923]
            ],
            ["MU", ["Fe", "Nb"],
                [0.3535034171314027, 0.48017229061251226]
            ]
        ],
        [
            ["BCC", ["Fe", "Nb"],
                [0.025600699133796884, 0.9637045864511329]
            ],
            ["MU", ["Fe", "Nb"],
                [0.309093528154069, 0.5256800352681547]
            ]
        ],
        [
            ["C14", ["Fe", "Nb"],
                [0.5411282944340002, 0.35011570591423385]
            ],
            ["MU", ["Fe", "Nb"],
                [0.3753926967071757, 0.48472453396374243]
            ]
        ],
        [
            ["BCC", ["Fe", "Nb"],
                [0.02516056918774092, 0.9678713884223502]
            ],
            ["MU", ["Fe", "Nb"],
                [0.37705430041432736, 0.5068193811635159]
            ]
        ],
        [
            ["C14", ["Fe", "Nb"],
                [0.5760355515677823, 0.35144642478271304]
            ],
            ["MU", ["Fe", "Nb"],
                [0.41350832270510196, 0.48730087063347555]
            ]
        ],
        [
            ["BCC", ["Fe", "Nb"],
                [0.05179777679496095, 0.9407099470631446]
            ],
            ["MU", ["Fe", "Nb"],
                [0.4469812075879323, 0.4968951002341828]
            ]
        ],
        [
            ["C14", ["Fe", "Nb"],
                [0.6120496976814831, 0.3510001445918719]
            ],
            ["MU", ["Fe", "Nb"],
                [0.4603095135197057, 0.4885340074370576]
            ]
        ],
        [
            ["BCC", ["Fe", "Nb"],
                [0.031526412463488626, 0.9660245382097676]
            ],
            ["MU", ["Fe", "Nb"],
                [0.500034711054637, 0.48853306071200914]
            ]
        ],
        [
            ["C14", ["Fe", "Nb"],
                [0.6443355415158826, 0.3484570599671265]
            ],
            ["MU", ["Fe", "Nb"],
                [0.5311924946781373, 0.4596438294902826]
            ]
        ],
        [
            ["FCC", ["Fe", "Nb"],
                [0.032065426815792955, 0.1130132416574902]
            ],
            ["DELTA", ["Fe", "Nb"],
                [0.005472205805422664, 0.245049513184097]
            ]
        ],
        [
            ["FCC", ["Fe", "Nb"],
                [0.0906711260827803, 0.09516601030346161]
            ],
            ["DELTA", ["Fe", "Nb"],
                [0.01864701372656267, 0.23382994309230926]
            ]
        ],
        [
            ["C14", ["Fe", "Nb"],
                [0.28657166785119803, 0.30686546314956104]
            ],
            ["DELTA", ["Fe", "Nb"],
                [0.06305530858117234, 0.25228575295795314]
            ]
        ]
    ],
    "reference": "EPMA data",
    "comment": ""
}